Descricao;Tipo SP;Centro Custo;Item Contab.;Data Pgto;Codigo Forn.;Loja Fornec;Valor;Juros;Multa;Tipo Pgto;Observacoes;Numero NF;Serie NF;D. Emiss NF;Natureza;Pedido Comp.;Loja Fatura;CC.Despesa;It.Cont.Desp;Saldo Solic.;Competencia;Rateio ?;Forma Pgto;Desconto;Finalidade
** EQUIPAMENTO PARADO *** TC734 - GECB -LJ4-XRLEV XEPO G2C - GGA26800LJ404 - NCM: 84313110 - Qtde.:;000005;11002;;31/07/2024;00320508;04 0184; R$ 6.496,83 ;0;0;3;;120918;;04/07/2024;;;04 0184;11002;999;;;N;1;;8
SPOT - MANUTENÇÃO PREVENTIVA PREDIAL REF. JULHO/24;000005;11002;;31/07/2024;00530375;04 0135; R$ 850,00 ;0;0;3;;19371;;11/07/2024;;;04 0135;11002;999;;;N;1;;8
COLOCAÇÃO DE ETIQUETA ANTES DE ENTRAR;000005;11002;;31/07/2024;00638164;04 0202; R$ 51,01 ;0;0;3;;73169;;04/07/2024;;;04 0202;11002;999;;;N;1;;8
DESMONTAGEM, TROCA DO CONJUNTO DE REPARO HIDRÁULICO COMPLETO, TROCA DE ÓLEO HIDRÁULICO, 01 MOLA DESATIVADOR, 01 PINO DESATIVADOR, REGULAGEM DE ALTURA, MONTAGEM, LUBRIFICAÇÃO E PINTURA NA CORTESIA. OBS: SEM NECESSIDADE DE TROCA DAS RODAS.;000005;11002;;07/08/2024;00096569;04 0178; R$ 590,00 ;0;0;3;;5750;;12/07/2024 07:17:51;;;04 0178;11002;999;;;N;1;;8
SERVIÇO DE MANUTENÇÃO PREVENTIVA EM GRUPOS GERADORES COM MONITORAMENTE REMOTO - REF.Julho/24;000030;11002;;07/08/2024;00006620;04 0039; R$ 1.801,20 ;0;0;3;;93800;;03/07/2024;;;04 0039;11002;999;;;N;1;;8
